,Term,Frequency
0,jeff_goldblum,67
1,watch,55
2,like,44
3,fascinated,41
4,jeff,33
5,show,29
6,people,25
7,things,24
8,love,22
9,well,21
10,way,20
11,nat_geo,20
12,going,19
13,see,19
14,man,19
15,pikachu,19
16,best,19
17,one,18
18,money,18
19,goldblum,18
20,ryan_reynolds,18
21,know,17
22,think,17
23,time,17
24,onion,16
25,really,16
26,detective,16
27,finds,15
28,owen_wilson,15
29,wow,14
30,life,14
31,uh,14
32,get,14
33,good,13
34,job,13
35,howser,13
36,never,13
37,guy,13
38,movie,13
39,shit,12
40,make,12
41,around,12
42,huell,12
43,v,12
44,ah,11
45,thing,11
46,ever,11
47,new,11
48,r,11
49,great,10
50,episode,10
51,national,10
52,youtube,10
53,article,10
54,anyone,10
55,fascinating,10
56,yes,10
57,interesting,9
58,nottheonion,9
59,goldblums,9
60,www,9
61,park,9
62,makes,9
63,oh,9
64,seems,9
65,news,9
66,still,8
67,want,8
68,find,8
69,alan,8
70,alda,8
71,day,8
72,awesome,8
73,interested,8
74,idea,8
75,professionally,8
76,take,8
77,fuck,8
78,title,8
79,something,8
80,read,8
81,hire,8
82,anything,8
83,literally,8
84,look,7
85,sounds,7
86,fucking,7
87,av,7
88,club,7
89,go,7
90,science,7
91,stars,7
92,amazing,7
93,looking,7
94,geographic,7
95,need,7
96,live,7
97,sherlock,7
98,holmes,7
99,sure,7
100,every,7
101,making,7
102,tv,7
103,role,6
104,person,6
105,much,6
106,kind,6
107,mean,6
108,wish,6
109,real,6
110,whether,6
111,stop,6
112,walk,6
113,stuff,6
114,everything,6
115,nature,6
116,change,6
117,jurassic,6
118,smart,6
119,avclub,6
120,else,6
121,even,6
122,gonna,6
123,world,6
124,sarcastic,6
125,lightning,6
126,rat,6
127,hat,6
128,years,6
129,gets,6
130,playing,6
131,definitely,6
132,um,6
133,made,6
134,play,5
135,discovery,5
136,back,5
137,enough,5
138,give,5
139,scientific,5
140,american,5
141,youtu,5
142,preoccupied,5
143,used,5
144,pay,5
145,attenborough,5
146,lot,5
147,watching,5
148,let,5
149,hope,5
150,film,5
151,thought,5
152,action,5
153,always,5
154,co,5
155,actor,5
156,bourdain,5
157,hell,5
158,sold,5
159,th,5
160,gig,5
161,needs,5
162,host,5
163,getting,4
164,born,4
165,better,4
166,act,4
167,excited,4
168,media,4
169,little,4
170,funny,4
171,say,4
172,frontiers,4
173,spent,4
174,got,4
175,series,4
176,joe,4
177,start,4
178,david,4
179,another,4
180,human,4
181,probably,4
182,sound,4
183,guess,4
184,wrong,4
185,u,4
186,needed,4
187,wait,4
188,similar,4
189,morgan,4
190,freeman,4
191,solves,4
192,crimes,4
193,pokemon,4
194,talk,4
195,fly,4
196,saw,4
197,geo,4
198,totally,4
199,old,4
200,woah,4
201,movies,4
202,character,4
203,key,4
204,finally,4
205,honestly,4
206,please,4
207,long,4
208,keep,4
209,alone,4
210,heard,4
211,behind,4
212,also,4
213,someone,4
214,tell,4
215,grand,4
216,anthony,4
217,seeing,4
218,talking,4
219,call,4
220,paid,3
221,followed,3
222,break,3
223,tiny,3
224,educational,3
225,programming,3
226,reality,3
227,truly,3
228,written,3
229,soon,3
230,edit,3
231,hosted,3
232,scientists,3
233,cool,3
234,fox,3
235,check,3
236,california,3
237,pile,3
238,special,3
239,place,3
240,basically,3
241,involved,3
242,living,3
243,amazed,3
244,actually,3
245,work,3
246,shut,3
247,put,3
248,pbs,3
249,omg,3
250,knew,3
251,maybe,3
252,im,3
253,legenday,3
254,partnering,3
255,warner,3
256,bros,3
257,pokémon,3
258,fact,3
259,since,3
260,big,3
261,express,3
262,hires,3
263,looks,3
264,instead,3
265,nice,3
266,jurrasic,3
267,happy,3
268,entirely,3
269,voice,3
270,huel,3
271,said,3
272,commercials,3
273,use,3
274,throw,3
275,single,3
276,perfect,3
277,half,3
278,folks,3
279,parts,3
280,loves,3
281,owned,3
282,goldbloom,3
283,add,3
284,headline,3
285,based,3
286,theonion,3
287,fill,3
288,post,3
289,god,3
290,dinosaurs,3
291,completely,3
292,lost,3
293,waste,3
294,might,3
295,shot,3
296,must,3
297,replacement,3
298,shark,3
299,gold,3
300,subreddit,3
301,rather,3
302,har,3
303,whole,3
304,narration,3
305,taking,3
306,home,3
307,parody,3
308,point,2
309,history,2
310,worthwhile,2
311,hear,2
312,possible,2
313,count,2
314,thor,2
315,simply,2
316,chaos,2
317,hopefully,2
318,version,2
319,independence,2
320,food,2
321,festival,2
322,fold,2
323,tacos,2
324,pretzels,2
325,impressed,2
326,seen,2
327,cooking,2
328,die,2
329,seasons,2
330,either,2
331,heart,2
332,rogan,2
333,questions,2
334,interviewing,2
335,order,2
336,says,2
337,sees,2
338,become,2
339,popular,2
340,couple,2
341,ok,2
342,quite,2
343,documentary,2
344,channel,2
345,worse,2
346,narrate,2
347,natural,2
348,wjelexaphj8,2
349,age,2
350,supposed,2
351,move,2
352,jesus,2
353,natgeo,2
354,summary,2
355,p,2
356,purely,2
357,hi,2
358,cracker,2
359,talks,2
360,pretending,2
361,exactly,2
362,name,2
363,part,2
364,yeah,2
365,mark,2
366,absolutely,2
367,thr,2
368,reports,2
369,distribution,2
370,upcoming,2
371,sorry,2
372,starring,2
373,speak,2
374,quality,2
375,plays,2
376,night,2
377,comment,2
378,inside,2
379,kim,2
380,jong,2
381,kimjongillookingatthings,2
382,tumblr,2
383,local,2
384,aid,2
385,worked,2
386,neo,2
387,lol,2
388,droppings,2
389,year,2
390,intrigued,2
391,random,2
392,technically,2
393,away,2
394,grandmaster,2
395,jazz,2
396,hollywood,2
397,walks,2
398,everyone,2
399,nothing,2
400,fair,2
401,likes,2
402,bill,2
403,low,2
404,program,2
405,comments,2
406,imagine,2
407,oddly,2
408,teenager,2
409,remember,2
410,apartment,2
411,steve,2
412,jobs,2
413,thats,2
414,free,2
415,feel,2
416,favorite,2
417,cucumber,2
418,called,2
419,hiring,2
420,uhhh,2
421,synopsis,2
422,continue,2
423,hot,2
424,spock,2
425,specifically,2
426,genuinely,2
427,suddenly,2
428,somebody,2
429,business,2
430,dude,2
431,second,2
432,confused,2
433,wanna,2
434,conan,2
435,fun,2
436,drinking,2
437,game,2
438,though,2
439,dream,2
440,per,2
441,professional,2
442,tenor,2
443,w,2
444,glad,2
445,pretty,2
446,btw,2
447,ahh,2
448,subsidiary,2
449,poor,2
450,word,2
451,assume,2
452,doe,2
453,unprofessionally,2
454,snoop,2
455,dog,2
456,everybody,2
457,seriously,2
458,right,2
459,unknown,2
460,reboot,2
461,faster,2
462,master,2
463,click,2
464,bit,2
465,agree,2
466,hau,2
467,true,2
468,resume,2
469,neat,2
470,saying,2
471,decision,2
472,first,2
473,reeves,2
474,explain,2
475,left,2
476,speaking,2
477,us,2
478,already,2
479,friends,2
480,sit,2
481,wonderful,2
482,sort,2
483,episodes,2
484,netflix,2
485,zoolander,2
486,wife,2
487,dinosaur,2
488,decided,2
489,meme,2
490,casting,2
491,priorities,2
492,recently,2
493,given,2
494,hmm,2
495,whatever,2
496,sarcasm,2
497,far,2
498,position,2
499,pineapple,2
500,narrated,2
501,john,2
502,rollins,2
503,greatest,2
504,deleted,2
505,question,2
506,ing,2
507,networks,2
508,alien,2
509,goddamn,2
510,week,2
511,apparently,2
512,fascination,2
513,huh,2
514,sign,2
515,documentaries,2
516,buckaroo,2
517,banzai,2
518,rent,2
519,f,2
520,young,2
521,weed,2
522,vine,2
523,5zprxr3erhu,2
524,articles,2
525,walken,2
526,pedophiles,2
527,banging,2
528,occasionally,1
529,joined,1
530,owen,1
531,wilson,1
532,nick,1
533,kroll,1
534,father,1
535,pebble,1
536,ancient,1
537,exact,1
538,artificially,1
539,inflating,1
540,importance,1
541,legs,1
542,offshoot,1
543,posted,1
544,teeny,1
545,fraction,1
546,et,1
547,al,1
548,crap,1
549,learns,1
550,pawn,1
551,naked,1
552,afraid,1
553,teenagers,1
554,study,1
555,botany,1
556,animal,1
557,planet,1
558,mostly,1
559,puppy,1
560,bowl,1
561,otherwise,1
562,easily,1
563,avoidable,1
564,uhhhh,1
565,highest,1
566,rating,1
567,nto,1
568,comes,1
569,artisanal,1
570,knots,1
571,convinced,1
572,ragnorok,1
573,lines,1
574,required,1
575,sitting,1
576,apply,1
577,clip,1
578,describing,1
579,approach,1
580,ybigvouze7u,1
581,sudden,1
582,urge,1
583,educative,1
584,celebrity,1
585,idolation,1
586,thanks,1
587,yet,1
588,wglsxls5zyc,1
589,middleground,1
590,huge,1
591,steaming,1
592,observations,1
593,overcome,1
594,obstacles,1
595,thrive,1
596,named,1
597,upstaged,1
598,gives,1
599,viewed,1
600,cynicism,1
601,afford,1
602,spokesman,1
603,lifestyle,1
604,negativity,1
605,treasure,1
606,reminiscent,1
607,spark,1
608,environment,1
609,uhh,1
610,hahahrawrrahaha,1
611,grew,1
612,golden,1
613,defined,1
614,souuuuund,1
615,patronus,1
616,suited,1
617,pro,1
618,pretend,1
619,honors,1
620,legacy,1
621,christ,1
622,info,1
623,speculation,1
624,selling,1
625,wafers,1
626,mouth,1
627,features,1
628,scintillating,1
629,conversation,1
630,silver,1
631,raiden_the_conquerer,1
632,viewing,1
633,shower,1
634,curtain,1
635,deep,1
636,cover,1
637,goddam,1
638,track,1
639,care,1
640,nobody,1
641,outta,1
642,okay,1
643,catch,1
644,short,1
645,literal,1
646,paying,1
647,took,1
648,assumed,1
649,millionaire,1
650,worry,1
651,takeover,1
652,plan,1
653,effect,1
654,run,1
655,fantastic,1
656,travels,1
657,eating,1
658,kinds,1
659,exotic,1
660,foods,1
661,hahaha,1
662,stitches,1
663,words,1
664,grow,1
665,company,1
666,cash,1
667,blow,1
668,employees,1
669,ignore,1
670,ownership,1
671,fools,1
672,snide,1
673,lxx,1
674,slept,1
675,holiday,1
676,inn,1
677,last,1
678,mind,1
679,machine,1
680,il,1
681,places,1
682,upset,1
683,goldbloon,1
684,rite,1
685,today,1
686,la,1
687,pharmacy,1
688,products,1
689,staff,1
690,observe,1
691,ads,1
692,dino,1
693,coincides,1
694,timing,1
695,unfrozen,1
696,worms,1
697,3tkklh3kn_y,1
698,although,1
699,sister,1
700,satirical,1
701,magazine,1
702,produced,1
703,stickler,1
704,star,1
705,throwing,1
706,friendly,1
707,line,1
708,everyday,1
709,picked,1
710,bum,1
711,gut,1
712,meet,1
713,vapid,1
714,played,1
715,case,1
716,intelligent,1
717,witty,1
718,thoughts,1
719,suggestion,1
720,travel,1
721,spot,1
722,cnn,1
723,paychecks,1
724,pocket,1
725,dies,1
726,extended,1
727,morning,1
728,period,1
729,85k,1
730,ayyyy,1
731,lmaooo,1
732,danktest,1
733,tiemline,1
734,considered,1
735,murray,1
736,capable,1
737,producing,1
738,casual,1
739,entertainment,1
740,existing,1
741,transcended,1
742,beyond,1
743,magic,1
744,together,1
745,thread,1
746,sll,1
747,spoken,1
748,soothes,1
749,rip,1
750,rape,1
751,sarah,1
752,michelle,1
753,geller,1
754,hype,1
755,coming,1
756,lie,1
757,sf,1
758,ago,1
759,super,1
760,quick,1
761,wit,1
762,joking,1
763,silicon,1
764,valley,1
765,maverick,1
766,trying,1
767,site,1
768,filming,1
769,c,1
770,aquatic,1
771,zissou,1
772,ive,1
773,incarnation,1
774,wen,1
775,eternally,1
776,surprised,1
777,wiki,1
778,lspace,1
779,org,1
780,mediawiki,1
781,wen_the_eternally_surprised,1
782,naturally,1
783,ordered,1
784,pizza,1
785,guys,1
786,pickup,1
787,instructions,1
788,asked,1
789,write,1
790,goldbum,1
791,quote,1
792,box,1
793,id,1
794,pickled,1
795,regular,1
796,wondering,1
797,studio,1
798,leave,1
799,bothers,1
800,listening,1
801,ajit,1
802,pai,1
803,decission,1
804,removed,1
805,safe,1
806,space,1
807,employer,1
808,pays,1
809,dogs,1
810,relish,1
811,ketchup,1
812,mustard,1
813,minute,1
814,vegetarian,1
815,dont,1
816,countless,1
817,shows,1
818,baffled,1
819,snap,1
820,concern,1
821,stopped,1
822,ask,1
823,haha,1
824,ridiculous,1
825,profession,1
826,sense,1
827,renowned,1
828,consultant,1
829,1k9g18kex,1
830,keeps,1
831,putting,1
832,damn,1
833,described,1
834,white,1
835,reynolds,1
836,split,1
837,picturing,1
838,bezos,1
839,theres,1
840,bucket,1
841,list,1
842,upvoted,1
843,premise,1
844,less,1
845,disappointed,1
846,teamed,1
847,traveling,1
848,records,1
849,subbed,1
850,fucked,1
851,sayin,1
852,satire,1
853,knot,1
854,winning,1
855,dvr,1
856,inch,1
857,penis,1
858,fresh,1
859,monstrosity,1
860,mentions,1
861,picture,1
862,hmmm,1
863,theory,1
864,latest,1
865,minutes,1
866,trademark,1
867,stuttering,1
868,pauses,1
869,hesitation,1
870,closet,1
871,homosexual,1
872,body,1
873,ready,1
874,kcet,1
875,images,1
876,f8b2c1db30933895dfa76f2289db842b,1
877,gif,1
878,vc,1
879,cv,1
880,wether,1
881,jeffy,1
882,g,1
883,golbum,1
884,mr,1
885,wivf,1
886,_jeyhee,1
887,wivf_jeyhee,1
888,efforts,1
889,extract,1
890,dna,1
891,amber,1
892,clone,1
893,ruxin,1
894,envy,1
895,strangely,1
896,sexy,1
897,month,1
898,bugs,1
899,kinda,1
900,ya,1
901,oooo,1
902,starts,1
903,running,1
904,screaming,1
905,saved,1
906,overlook,1
907,voiced,1
908,publication,1
909,serious,1
910,worth,1
911,penny,1
912,positivity,1
913,attempt,1
914,joke,1
915,hired,1
916,opposed,1
917,boring,1
918,obvious,1
919,dr,1
920,kent,1
921,wahler,1
922,gqdqrlmej4u,1
923,universe,1
924,bait,1
925,dicaprio,1
926,expert,1
927,field,1
928,shocked,1
929,generations,1
930,jaguar,1
931,comedic,1
932,laughing,1
933,bank,1
934,cinematography,1
935,hehehe,1
936,non,1
937,fiction,1
938,chris,1
939,hardwick,1
940,ohhhhh,1
941,calling,1
942,beaut,1
943,welp,1
944,joyful,1
945,depressed,1
946,century,1
947,vintage,1
948,keanu,1
949,iran,1
950,crayolas,1
951,ii,1
952,following,1
953,sidp2dxtt3m,1
954,hole,1
955,nova,1
956,showing,1
957,recreate,1
958,inherent,1
959,challenges,1
960,ethical,1
961,concerns,1
962,attached,1
963,everyman,1
964,learning,1
965,concept,1
966,haaaar,1
967,harrrrrrrrr,1
968,haaaaaarr,1
969,kroger,1
970,store,1
971,ingredients,1
972,recipes,1
973,acts,1
974,stocked,1
975,shelves,1
976,holy,1
977,possibly,1
978,howsers,1
979,concepts,1
980,performance,1
981,cameo,1
982,normal,1
983,marshawn,1
984,lynch,1
985,skittles,1
986,mma,1
987,proud,1
988,gfycat,1
989,cheerfulimpracticalgnat,1
990,petite,1
991,woman,1
992,weirdly,1
993,lap,1
994,surface,1
995,future,1
996,quest,1
997,kw4ekd8al1q,1
998,90s,1
999,knows,1
1000,danny,1
1001,devito,1
1002,disappointing,1
1003,sucks,1
1004,ʖ,1
1005,noooo,1
1006,prius,1
1007,yesterday,1
1008,disappoints,1
1009,visits,1
1010,kkk,1
1011,problem,1
1012,titlewin,1
1013,defy,1
1014,chap,1
1015,heaven,1
1016,easy,1
1017,ca,1
1018,governor,1
1019,rightfully,1
1020,peele,1
1021,narrator,1
1022,explainslate,1
1023,translate,1
1024,head,1
1025,internal,1
1026,monologue,1
1027,breaks,1
1028,fourth,1
1029,wall,1
1030,viewers,1
1031,tyra,1
1032,banks,1
1033,pedo,1
1034,admin,1
1035,lovely,1
1036,emily,1
1037,livingston,1
1038,olympics,1
1039,sorts,1
1040,museums,1
1041,digital,1
1042,lecturing,1
1043,exhibit,1
1044,fellowkids,1
1045,higher,1
1046,power,1
1047,steps,1
1048,fully,1
1049,support,1
1050,imgur,1
1051,fbrjxyj,1
1052,solid,1
1053,bes,1
1054,xx,1
1055,tho,1
1056,wise,1
1057,ragnarok,1
1058,pleasure,1
1059,piss,1
1060,obligatory,1
1061,birthday,1
1062,walton,1
1063,bridges,1
1064,mountain,1
1065,heh,1
1066,scoop,1
1067,macerating,1
1068,ingesting,1
1069,root,1
1070,aromatic,1
1071,vegetable,1
1072,fast,1
1073,trust,1
1074,trend,1
1075,smith,1
1076,related,1
1077,clickbait,1
1078,links,1
1079,details,1
1080,aforementioned,1
1081,working,1
1082,curiosity,1
1083,green,1
1084,lit,1
1085,appears,1
1086,exist,1
1087,permanent,1
1088,state,1
1089,investigate,1
1090,joys,1
1091,common,1
1092,phenomena,1
1093,baseball,1
1094,toilet,1
1095,paper,1
1096,falls,1
1097,securely,1
1098,rubric,1
1099,happiness,1
1100,yessss,1
1101,caricature,1
1102,scientology,1
1103,kool,1
1104,party,1
1105,anybody,1
1106,walking,1
1107,scraping,1
1108,bottom,1
1109,barrel,1
1110,promote,1
1111,million,1
1112,cast,1
1113,greenlit,1
1114,offense,1
1115,sub,1
1116,set,1
1117,straight,1
1118,happens,1
1119,fascinates,1
1120,amuses,1
1121,millennials,1
1122,feed,1
1123,phil,1
1124,discovered,1
1125,uk,1
1126,tone,1
1127,void,1
1128,passing,1
1129,forward,1
1130,hate,1
1131,course,1
1132,pointed,1
1133,wooo,1
1134,record,1
1135,guarantee,1
1136,aware,1
1137,open,1
1138,heehhuuheeee,1
1139,arrrawwawarraa,1
1140,vtzcjcysytm,1
1141,spinoff,1
1142,un,1
1143,maaan,1
1144,saul,1
1145,cleese,1
1146,lemurs,1
1147,gone,1
1148,chosen,1
1149,shitty,1
1150,beautiful,1
1151,wonder,1
1152,top,1
1153,gon,1
1154,hard,1
1155,boys,1
1156,wanted,1
1157,works,1
1158,cicada,1
1159,goes,1
1160,hiding,1
1161,burrowing,1
1162,underground,1
1163,tradition,1
1164,rates,1
1165,except,1
1166,drop,1
1167,country,1
1168,different,1
1169,reactions,1
1170,apart,1
1171,clint,1
1172,eastwood,1
1173,believe,1
1174,hyped,1
1175,omfg,1
1176,mundane,1
1177,entertaining,1
1178,next,1
1179,tidbit,1
1180,wears,1
1181,island,1
1182,talent,1
1183,impressions,1
1184,rha,1
1185,rhaha,1
1186,rarah,1
1187,rahaha,1
1188,bewildered,1
1189,mash,1
1190,hawkin,1
1191,defacing,1
1192,seth,1
1193,brundle,1
1194,crazy,1
1195,kllmlj2tdkg,1
1196,usual,1
1197,watcher,1
1198,mabooshn,1
1199,fake,1
1200,exciting,1
1201,received,1
1202,thumbnail,1
1203,til,1
1204,surprise,1
1205,disney,1
1206,completes,1
1207,purchase,1
1208,ideas,1
1209,rupert,1
1210,murdoch,1
1211,nodding,1
1212,hm,1
1213,along,1
1214,replacing,1
1215,latter,1
1216,passes,1
1217,peace,1
1218,1a1qacqq,1
1219,band,1
1220,guitar,1
1221,dibs,1
1222,uses,1
1223,silly,1
1224,search,1
1225,onboard,1
1226,worthy,1
1227,laugh,1
1228,ass,1
1229,trash,1
1230,ghost,1
1231,fishing,1
1232,sasquatch,1
1233,hunter,1
1234,mysteries,1
1235,fieri,1
1236,broing,1
1237,dicks,1
1238,sharks,1
1239,gopro,1
1240,dorsal,1
1241,fin,1
1242,poison,1
1243,many,1
1244,finding,1
1245,damnit,1
1246,dump,1
1247,starred,1
1248,hhm,1
1249,thik,1
1250,hats,1
1251,crew,1
1252,price,1
1253,imagining,1
1254,incredible,1
1255,entire,1
1256,noises,1
1257,observing,1
1258,win,1
1259,emmy,1
1260,ahhh,1
1261,howruhruhrrrrowwww,1
1262,spout,1
1263,nonsense,1
1264,math,1
1265,ala,1
1266,og,1
1267,moment,1
1268,realised,1
1269,missing,1
1270,equaliser,1
1271,ehh,1
1272,howz,1
1273,dollar,1
1274,adult,1
1275,mentioned,1
1276,guest,1
1277,keeanu,1
1278,chime,1
1279,follow,1
1280,pleasing,1
1281,hey,1
1282,front,1
1283,semi,1
1284,done,1
1285,contrived,1
1286,avoid,1
1287,poorly,1
1288,altogether,1
1289,warm,1
1290,influence,1
1291,scripts,1
1292,production,1
1293,etc,1
1294,feeling,1
1295,reading,1
1296,cliched,1
1297,script,1
1298,lame,1
1299,jokes,1
1300,general,1
1301,lack,1
1302,original,1
1303,pass,1
1304,mgm,1
1305,woul,1
1306,tours,1
1307,household,1
1308,items,1
1309,unfortunately,1
1310,spend,1
1311,reference,1
1312,shame,1
1313,nerds,1
1314,older,1
1315,wq,1
1316,pullout,1
1317,king,1
1318,lookatthat,1
1319,caterpillar,1
1320,creeped,1
1321,acting,1
1322,mad,1
1323,started,1
1324,rental,1
1325,website,1
1326,homes,1
1327,income,1
1328,telling,1
1329,fandom,1
1330,late,1
1331,loved,1
1332,helped,1
1333,enjoy,1
1334,wayne,1
1335,argue,1
1336,harrison_ford,1
1337,characters,1
1338,hero,1
1339,kid,1
1340,turning,1
1341,dress,1
1342,costume,1
1343,mildyinteresting,1
1344,adventures,1
1345,across,1
1346,8th,1
1347,dimension,1
1348,trip,1
1349,ryan,1
1350,reynold,1
1351,personally,1
1352,stand,1
1353,smug,1
1354,bet,1
1355,dear,1
1356,metoo,1
1357,incident,1
1358,jail,1
1359,k,1
1360,539jdk3en1o,1
1361,longer,1
1362,professor,1
1363,hello,1
1364,bullcrap,1
1365,boy,1
1366,taken,1
1367,tumble,1
1368,respected,1
1369,journal,1
1370,dealing,1
1371,culture,1
1372,famous,1
1373,pictures,1
1374,driven,1
1375,rag,1
1376,whose,1
1377,topical,1
1378,pc,1
1379,expected,1
1380,strata,1
1381,college,1
1382,grads,1
1383,particular,1
1384,expertise,1
1385,christopher,1
1386,christine,1
1387,fluke,1
1388,badly,1
1389,understand,1
1390,bigger,1
1391,due,1
1392,approached,1
1393,worried,1
1394,focus,1
1395,goldblumn,1
1396,guided,1
1397,somewhere,1
1398,insufferable,1
1399,pedophile,1
1400,alias,1
1401,actors,1
1402,producers,1
1403,steven_spielberg,1
1404,drew_barrymore,1
1405,girl,1
1406,corey,1
1407,feldman,1
1408,idolizing,1
1409,supporting,1
